<?xml version="1.0" encoding="UTF-8"?>
<beans
	xmlns:xsi="http://www.w3.org/2001/XMLSchema-instance"
	xmlns:aop="http://www.springframework.org/schema/aop" 
	xmlns="http://www.springframework.org/schema/beans"
	xmlns:p="http://www.springframework.org/schema/p" 
	xmlns:context="http://www.springframework.org/schema/context"
	xmlns:mvc="http://www.springframework.org/schema/mvc"
	xsi:schemaLocation="http://www.springframework.org/schema/mvc http://www.springframework.org/schema/mvc/spring-mvc.xsd
	http://www.springframework.org/schema/aop http://www.springframework.org/schema/aop/spring-aop.xsd
	http://www.springframework.org/schema/beans http://www.springframework.org/schema/beans/spring-beans.xsd
	http://www.springframework.org/schema/context http://www.springframework.org/schema/context/spring-context.xsd">
	<!-- auto proxy -->
	<aop:aspectj-autoproxy />

	<!-- 
		Validator
		Default Servlet Handler
		Message Converter
		Argument Resolver
	 -->
	<mvc:annotation-driven />

	<!-- Default Servlet Handler -->
	<mvc:default-servlet-handler/>

	<!-- Interceptors -->
	<mvc:interceptors>
		<mvc:interceptor>
			<mvc:mapping path="/user/auth"/>
			<bean class="com.poscodx.jblog.security.LoginInterceptor" />
		</mvc:interceptor>
		<mvc:interceptor>
			<mvc:mapping path="/user/logout/main"/>
			<mvc:mapping path="/user/logout/**"/>
			<bean class="com.poscodx.jblog.security.LogoutInterceptor" />
		</mvc:interceptor>
		<mvc:interceptor>
			<mvc:mapping path="/**/admin/**"/>
			<bean class="com.poscodx.jblog.security.AdminInterceptor" />
		</mvc:interceptor>
		<!-- <mvc:interceptor>
			<mvc:mapping path="/**"/>
			<mvc:exclude-mapping path="/assets/**"/>
			<mvc:exclude-mapping path="/user/auth" />
			<mvc:exclude-mapping path="/user/logout" />
			<bean class="com.poscodx.mysite.security.AuthInterceptor" />
		</mvc:interceptor>
		<mvc:interceptor>
			<mvc:mapping path="/**"/>
			<mvc:exclude-mapping path="/assets/**"/>
			<bean class="com.poscodx.mysite.interceptor.SiteInterceptor" />
		</mvc:interceptor> -->
	</mvc:interceptors>
	
	<bean id="messageSource" class="org.springframework.context.support.ResourceBundleMessageSource">
	   <property name="basenames">
	      <list>
			<value>messages/messages_ko</value>
			<value>messages/messages_en</value>
	      </list>
	   </property>
	</bean>
	
	<!-- Multipart Resolver -->
	<bean id="multipartResolver" class="org.springframework.web.multipart.commons.CommonsMultipartResolver">
		<!-- 최대업로드 가능한 바이트크기 -->
		<property name="maxUploadSize" value="52428800" />
		<!-- 디스크에 임시 파일을 생성하기 전에 메모리에 보관할수있는 최대 바이트 크기 -->
		<property name="maxInMemorySize" value="52428800" />
		<!-- defaultEncoding -->
		<property name="defaultEncoding" value="utf-8" />
	</bean>

	<!-- mvc url-resource mapping -->
	<mvc:resources mapping="/assets/upload-images/**" location="file:/Users/yeji/jblog-uploads/" />
		
	<!-- View Resolver -->
	<bean id="viewResolver" class="org.springframework.web.servlet.view.InternalResourceViewResolver">
	   <property name="viewClass" value="org.springframework.web.servlet.view.JstlView" />
	   <property name="prefix" value="/WEB-INF/views/" />
	   <property name="suffix" value=".jsp" />
	</bean>
	
	<context:annotation-config />
	<context:component-scan base-package="com.poscodx.jblog.controller" />
</beans>
