<?xml version="1.0" encoding="UTF-8" ?>
<!DOCTYPE configuration PUBLIC "-//mybatis.org//DTD Config 3.0//EN" "http://mybatis.org/dtd/mybatis-3-config.dtd">
<configuration>
	<typeAliases>
		<typeAlias type="com.poscodx.jblog.vo.UserVo" alias="uservo"/>
		<typeAlias type="com.poscodx.jblog.vo.BlogVo" alias="blogvo"/>
		<typeAlias type="com.poscodx.jblog.vo.CategoryVo" alias="categoryvo"/>
		<typeAlias type="com.poscodx.jblog.vo.PostVo" alias="postvo"/>
    </typeAliases>
    	
	<mappers>
		<mapper resource="mybatis/mappers/user.xml" />
		<mapper resource="mybatis/mappers/blog.xml" />
		<mapper resource="mybatis/mappers/category.xml" />
		<mapper resource="mybatis/mappers/post.xml" />
	</mappers>
</configuration>