<?xml version="1.0" encoding="UTF-8"?>
<beans xmlns="http://www.springframework.org/schema/beans"
       xmlns:xsi="http://www.w3.org/2001/XMLSchema-instance"
       xmlns:aop="http://www.springframework.org/schema/aop"
       xmlns:context="http://www.springframework.org/schema/context"
       xmlns:tx="http://www.springframework.org/schema/tx"
       xsi:schemaLocation="http://www.springframework.org/schema/beans http://www.springframework.org/schema/beans/spring-beans.xsd
        http://www.springframework.org/schema/aop http://www.springframework.org/schema/aop/spring-aop.xsd
        http://www.springframework.org/schema/context http://www.springframework.org/schema/context/spring-context.xsd
        http://www.springframework.org/schema/jee http://www.springframework.org/schema/jee/spring-jee.xsd
        http://www.springframework.org/schema/lang http://www.springframework.org/schema/lang/spring-lang.xsd
        http://www.springframework.org/schema/tx http://www.springframework.org/schema/tx/spring-tx.xsd
        http://www.springframework.org/schema/util http://www.springframework.org/schema/util/spring-util.xsd
        http://www.springframework.org/schema/task http://www.springframework.org/schema/task/spring-task.xsd
        http://www.springframework.org/schema/tx http://www.springframework.org/schema/tx/spring-tx-4.3.xsd">
	<!-- auto proxy -->
	<aop:aspectj-autoproxy />
	
	<!-- Connection Pool DataSource-->
	<bean id="dataSource" class="org.apache.commons.dbcp.BasicDataSource">
		<property name="driverClassName" value="org.mariadb.jdbc.Driver" />
		<property name="url" value="jdbc:mariadb://192.168.64.9:3307/jblog?charset=utf8" />
		<property name="username" value="jblog" />
		<property name="password" value="jblog" />
	</bean>
	
	<!-- Transaction -->
	<bean id="transactionManager" class="org.springframework.jdbc.datasource.DataSourceTransactionManager">
	    <property name="dataSource" ref="dataSource" />
	</bean>
	
	<!-- @Transactional 어노테이션 활성화 -->
    <tx:annotation-driven />

	<!-- SqlSessionFactory --> 
	<bean id="sqlSessionFactory" class="org.mybatis.spring.SqlSessionFactoryBean"> 
		<property name="dataSource" ref="dataSource" /> 
		<property name="configLocation" value="classpath:mybatis/configuration.xml" /> 
	</bean>
	
	<!-- SqlSession -->
	<bean id="sqlSession" class="org.mybatis.spring.SqlSessionTemplate">
		<constructor-arg ref="sqlSessionFactory" />
	</bean>
	
	<context:annotation-config />
	<context:component-scan base-package="com.poscodx.jblog.service, com.poscodx.jblog.repository">
		<context:include-filter type="annotation" expression="org.springframework.stereotype.Repository" />
		<context:include-filter type="annotation" expression="org.springframework.stereotype.Service" />
		<context:include-filter type="annotation" expression="org.springframework.stereotype.Component" />			
	</context:component-scan>
</beans>